year,cbsa_code,cbsa_2013_name,cbsa_exports_nominal,cbsa_exports_real,cbsa_pct_exports_gdp
2017,10100,"Aberdeen, SD",366.729705810547,366.729705810547,0.142189592123032
2017,10140,"Aberdeen, WA",173.506317138672,173.506317138672,0.0588544048368931
2017,10180,"Abilene, TX",681.149475097656,681.149475097656,0.0862085819244385
2017,10220,"Ada, OK",144.410034179688,144.410034179688,0.0788402035832405
2017,10300,"Adrian, MI",682.710388183594,682.710388183594,0.207430675625801
2017,10420,"Akron, OH",4286.1201171875,4286.1201171875,0.110656268894672
2017,10460,"Alamogordo, NM",94.7985076904297,94.7985076904297,0.0402707308530807
2017,10500,"Albany, GA",538.395080566406,538.395080566406,0.0759830102324486
2017,10540,"Albany, OR",886.293151855469,886.293151855469,0.189561545848846
2017,10580,"Albany-Schenectady-Troy, NY",5345.23291015625,5345.23291015625,0.0787946358323097
2017,10620,"Albemarle, NC",253.392501831055,253.392501831055,0.115496553480625
2017,10660,"Albert Lea, MN",193.091125488281,193.091125488281,0.138352110981941
2017,10700,"Albertville, AL",624.389282226562,624.389282226562,0.169007837772369
2017,10740,"Albuquerque, NM",2678.55346679688,2678.55346679688,0.060431931167841
2017,10780,"Alexandria, LA",675.062683105469,675.062683105469,0.101224884390831
2017,10820,"Alexandria, MN",276.140655517578,276.140655517578,0.132712081074715
2017,10860,"Alice, TX",217.645874023438,217.645874023438,0.0885394364595413
2017,10900,"Allentown-Bethlehem-Easton, PA-NJ",3866.91064453125,3866.91064453125,0.0896073654294014
2017,10940,"Alma, MI",260.926788330078,260.926788330078,0.157942175865173
2017,10980,"Alpena, MI",153.941390991211,153.941390991211,0.117585219442844
2017,11020,"Altoona, PA",801.645446777344,801.645446777344,0.110341362655163
2017,11060,"Altus, OK",61.7803153991699,61.7803153991699,0.0590464621782303
2017,11100,"Amarillo, TX",1480.03601074219,1480.03601074219,0.101286306977272
2017,11140,"Americus, GA",156.154647827148,156.154647827148,0.110705576837063
2017,11180,"Ames, IA",869.707580566406,869.707580566406,0.146638587117195
2017,11220,"Amsterdam, NY",201.923461914062,201.923461914062,0.0888200327754021
2017,11260,"Anchorage, AK",1285.34436035156,1285.34436035156,0.0517956949770451
2017,11380,"Andrews, TX",173.230621337891,173.230621337891,0.118847295641899
2017,11420,"Angola, IN",411.142517089844,411.142517089844,0.240283876657486
2017,11460,"Ann Arbor, MI",2146.89306640625,2146.89306640625,0.0857550501823425
2017,11500,"Anniston-Oxford-Jacksonville, AL",543.690246582031,543.690246582031,0.113049060106277
2017,11540,"Appleton, WI",1642.82104492188,1642.82104492188,0.120577201247215
2017,11580,"Arcadia, FL",78.9912414550781,78.9912414550781,0.075607068836689
2017,11620,"Ardmore, OK",455.378143310547,455.378143310547,0.128343150019646
2017,11660,"Arkadelphia, AR",93.3432083129883,93.3432083129883,0.108898237347603
2017,11680,"Arkansas City-Winfield, KS",334.815460205078,334.815460205078,0.203158557415009
2017,11700,"Asheville, NC",2615.16552734375,2615.16552734375,0.127434641122818
2017,11740,"Ashland, OH",331.408325195312,331.408325195312,0.155704811215401
2017,11780,"Ashtabula, OH",686.729614257812,686.729614257812,0.194348275661469
2017,11820,"Astoria, OR",245.625793457031,245.625793457031,0.109582461416721
2017,11860,"Atchison, KS",101.878799438477,101.878799438477,0.166229605674744
2017,11900,"Athens, OH",149.80827331543,149.80827331543,0.0677883923053741
2017,11940,"Athens, TN",571.222717285156,571.222717285156,0.273001432418823
2017,11980,"Athens, TX",247.677124023438,247.677124023438,0.113254375755787
2017,12020,"Athens-Clarke County, GA",835.301330566406,835.301330566406,0.0807236954569817
2017,12060,"Atlanta-Sandy Springs-Roswell, GA",28602.140625,28602.140625,0.0801945328712463
2017,12100,"Atlantic City-Hammonton, NJ",365.516815185547,365.516815185547,0.0232959408313036
2017,12140,"Auburn, IN",603.360534667969,603.360534667969,0.227446332573891
2017,12180,"Auburn, NY",396.098724365234,396.098724365234,0.121095560491085
2017,12220,"Auburn-Opelika, AL",756.638977050781,756.638977050781,0.123074151575565
2017,12260,"Augusta-Richmond County, GA-SC",2467.0947265625,2467.0947265625,0.094960942864418
2017,12300,"Augusta-Waterville, ME",238.158355712891,238.158355712891,0.0410036705434322
2017,12380,"Austin, MN",265.923828125,265.923828125,0.143132939934731
2017,12420,"Austin-Round Rock, TX",10931.296875,10931.296875,0.0823695808649063
2017,12460,"Bainbridge, GA",106.2333984375,106.2333984375,0.103419363498688
2017,12540,"Bakersfield, CA",3924.0986328125,3924.0986328125,0.0891062766313553
2017,12580,"Baltimore-Columbia-Towson, MD",11746.6396484375,11746.6396484375,0.0602096989750862
2017,12620,"Bangor, ME",358.644958496094,358.644958496094,0.0522639229893684
2017,12660,"Baraboo, WI",433.871215820312,433.871215820312,0.0951749607920647
2017,12680,"Bardstown, KY",333.435668945312,333.435668945312,0.184086382389069
2017,12700,"Barnstable Town, MA",468.998901367188,468.998901367188,0.0368189364671707
2017,12740,"Barre, VT",160.603134155273,160.603134155273,0.0443318299949169
2017,12780,"Bartlesville, OK",685.300048828125,685.300048828125,0.145246684551239
2017,12820,"Bastrop, LA",83.9550323486328,83.9550323486328,0.11916121840477
2017,12860,"Batavia, NY",252.831665039062,252.831665039062,0.0840779542922974
2017,12900,"Batesville, AR",214.90544128418,214.90544128418,0.144453853368759
2017,12940,"Baton Rouge, LA",12048.4921875,12048.4921875,0.228071019053459
2017,12980,"Battle Creek, MI",1533.73547363281,1533.73547363281,0.226864144206047
2017,13020,"Bay City, MI",434.504119873047,434.504119873047,0.117866151034832
2017,13060,"Bay City, TX",167.171661376953,167.171661376953,0.0734355673193932
2017,13100,"Beatrice, NE",256.105621337891,256.105621337891,0.220292657613754
2017,13140,"Beaumont-Port Arthur, TX",12872.7548828125,12872.7548828125,0.419723868370056
2017,13180,"Beaver Dam, WI",641.011779785156,641.011779785156,0.164357349276543
2017,13220,"Beckley, WV",485.481353759766,485.481353759766,0.110403418540955
2017,13260,"Bedford, IN",256.427947998047,256.427947998047,0.197743579745293
2017,13300,"Beeville, TX",122.249015808105,122.249015808105,0.10400365293026
2017,13340,"Bellefontaine, OH",672.469970703125,672.469970703125,0.289841532707214
2017,13380,"Bellingham, WA",1277.83532714844,1277.83532714844,0.0979268923401833
2017,13420,"Bemidji, MN",117.038230895996,117.038230895996,0.0590472929179668
2017,13460,"Bend-Redmond, OR",622.17578125,622.17578125,0.0673824399709702
2017,13500,"Bennettsville, SC",201.831970214844,201.831970214844,0.238093629479408
2017,13540,"Bennington, VT",163.487670898438,163.487670898438,0.093541793525219
2017,13620,"Berlin, NH-VT",59.1235160827637,59.1235160827637,0.0417916737496853
2017,13660,"Big Rapids, MI",199.171005249023,199.171005249023,0.146329835057259
2017,13700,"Big Spring, TX",413.165252685547,413.165252685547,0.182508796453476
2017,13720,"Big Stone Gap, VA",219.460845947266,219.460845947266,0.0870020166039467
2017,13740,"Billings, MT",422.896636962891,422.896636962891,0.044151533395052
2017,13780,"Binghamton, NY",1132.12133789062,1132.12133789062,0.0801755040884018
2017,13820,"Birmingham-Hoover, AL",4357.2275390625,4357.2275390625,0.0744126364588737
2017,13900,"Bismarck, ND",370.804595947266,370.804595947266,0.049922801554203
2017,13940,"Blackfoot, ID",207.613235473633,207.613235473633,0.138974919915199
2017,13980,"Blacksburg-Christiansburg-Radford, VA",1225.82653808594,1225.82653808594,0.131244540214539
2017,14010,"Bloomington, IL",819.569641113281,819.569641113281,0.0539018921554089
2017,14020,"Bloomington, IN",1481.40905761719,1481.40905761719,0.164750009775162
2017,14100,"Bloomsburg-Berwick, PA",442.39013671875,442.39013671875,0.0936332866549492
2017,14140,"Bluefield, WV-VA",301.348907470703,301.348907470703,0.0766529738903046
2017,14180,"Blytheville, AR",484.954833984375,484.954833984375,0.249373853206635
2017,14220,"Bogalusa, LA",197.880157470703,197.880157470703,0.182413324713707
2017,14260,"Boise City, ID",2406.71557617188,2406.71557617188,0.0755662992596626
2017,14340,"Boone, IA",135.499282836914,135.499282836914,0.118881955742836
2017,14380,"Boone, NC",110.010467529297,110.010467529297,0.0362256653606892
2017,14420,"Borger, TX",962.980651855469,962.980651855469,0.365028083324432
2017,14460,"Boston-Cambridge-Newton, MA-NH",42777.5390625,42777.5390625,0.101887919008732
2017,14500,"Boulder, CO",2486.08740234375,2486.08740234375,0.104521177709103
2017,14540,"Bowling Green, KY",1310.25988769531,1310.25988769531,0.162472546100616
2017,14580,"Bozeman, MT",339.639038085938,339.639038085938,0.058126512914896
2017,14620,"Bradford, PA",441.802124023438,441.802124023438,0.16263173520565
2017,14660,"Brainerd, MN",256.848236083984,256.848236083984,0.057784017175436
2017,14700,"Branson, MO",115.280181884766,115.280181884766,0.0284925922751427
2017,14720,"Breckenridge, CO",51.5119667053223,51.5119667053223,0.0184322837740183
2017,14740,"Bremerton-Silverdale, WA",399.200012207031,399.200012207031,0.0304227732121944
2017,14780,"Brenham, TX",324.08447265625,324.08447265625,0.150847122073174
2017,14820,"Brevard, NC",72.8423843383789,72.8423843383789,0.0636656209826469
2017,14860,"Bridgeport-Stamford-Norwalk, CT",8476.921875,8476.921875,0.114100247621536
2017,15020,"Brookhaven, MS",129.576629638672,129.576629638672,0.114660456776619
2017,15060,"Brookings, OR",41.4911422729492,41.4911422729492,0.0543469004333019
2017,15100,"Brookings, SD",379.400817871094,379.400817871094,0.18572224676609
2017,15180,"Brownsville-Harlingen, TX",968.509033203125,968.509033203125,0.0657611861824989
2017,15220,"Brownwood, TX",325.347808837891,325.347808837891,0.171208649873734
2017,15260,"Brunswick, GA",276.794250488281,276.794250488281,0.0587780885398388
2017,15340,"Bucyrus, OH",316.073974609375,316.073974609375,0.17660428583622
2017,15380,"Buffalo-Cheektowaga-Niagara Falls, NY",7236.8671875,7236.8671875,0.0862370505928993
2017,15420,"Burley, ID",296.759490966797,296.759490966797,0.150494948029518
2017,15460,"Burlington, IA-IL",481.241790771484,481.241790771484,0.187861040234566
2017,15500,"Burlington, NC",890.744323730469,890.744323730469,0.151261523365974
2017,15540,"Burlington-South Burlington, VT",988.794921875,988.794921875,0.0754504576325417
2017,15580,"Butte-Silver Bow, MT",72.5995941162109,72.5995941162109,0.0462294109165668
2017,15620,"Cadillac, MI",344.537567138672,344.537567138672,0.17748050391674
2017,15660,"Calhoun, GA",579.821533203125,579.821533203125,0.236461088061333
2017,15680,"California-Lexington Park, MD",254.890853881836,254.890853881836,0.0338222421705723
2017,15700,"Cambridge, MD",198.562576293945,198.562576293945,0.150683045387268
2017,15740,"Cambridge, OH",345.897399902344,345.897399902344,0.168820202350616
2017,15780,"Camden, AR",248.012741088867,248.012741088867,0.212844461202621
2017,15820,"Campbellsville, KY",125.775405883789,125.775405883789,0.12640617787838
2017,15860,"Ca�on City, CO",71.4947204589844,71.4947204589844,0.0426531136035919
2017,15900,"Canton, IL",62.2405395507812,62.2405395507812,0.0606479234993458
2017,15940,"Canton-Massillon, OH",2448.26928710938,2448.26928710938,0.122443214058876
2017,15980,"Cape Coral-Fort Myers, FL",1563.953125,1563.953125,0.0538419149816036
2017,16020,"Cape Girardeau, MO-IL",373.996337890625,373.996337890625,0.0849557220935822
2017,16060,"Carbondale-Marion, IL",570.139831542969,570.139831542969,0.0799889788031578
2017,16100,"Carlsbad-Artesia, NM",777.040954589844,777.040954589844,0.158088088035583
2017,16180,"Carson City, NV",213.018203735352,213.018203735352,0.0695794597268105
2017,16220,"Casper, WY",351.690795898438,351.690795898438,0.0708648264408112
2017,16260,"Cedar City, UT",192.385070800781,192.385070800781,0.106836676597595
2017,16300,"Cedar Rapids, IA",2402.1005859375,2402.1005859375,0.132684081792831
2017,16340,"Cedartown, GA",270.7705078125,270.7705078125,0.190326929092407
2017,16380,"Celina, OH",605.556091308594,605.556091308594,0.210989266633987
2017,16460,"Centralia, IL",277.099029541016,277.099029541016,0.157228231430054
2017,16500,"Centralia, WA",348.378448486328,348.378448486328,0.0982197150588036
2017,16540,"Chambersburg-Waynesboro, PA",787.196105957031,787.196105957031,0.12133351713419
2017,16580,"Champaign-Urbana, IL",1362.73901367188,1362.73901367188,0.0969304218888283
2017,16620,"Charleston, WV",1434.9873046875,1434.9873046875,0.113931283354759
2017,16660,"Charleston-Mattoon, IL",337.628540039062,337.628540039062,0.0938654914498329
2017,16700,"Charleston-North Charleston, SC",4221.80126953125,4221.80126953125,0.112905338406563
2017,16740,"Charlotte-Concord-Gastonia, NC-SC",17119.6875,17119.6875,0.117156952619553
2017,16820,"Charlottesville, VA",731.659240722656,731.659240722656,0.0530558861792088
2017,16860,"Chattanooga, TN-GA",3503.99780273438,3503.99780273438,0.118823572993279
2017,16940,"Cheyenne, WY",322.557922363281,322.557922363281,0.0472858287394047
2017,16980,"Chicago-Naperville-Elgin, IL-IN-WI",61771.0625,61771.0625,0.097740925848484
2017,17020,"Chico, CA",674.847534179688,674.847534179688,0.0556468330323696
2017,17060,"Chillicothe, OH",575.349670410156,575.349670410156,0.182544633746147
2017,17140,"Cincinnati, OH-KY-IN",15249.5439453125,15249.5439453125,0.117196522653103
2017,17200,"Claremont-Lebanon, NH-VT",949.089172363281,949.089172363281,0.0864474400877953
2017,17220,"Clarksburg, WV",574.061279296875,574.061279296875,0.102905288338661
2017,17260,"Clarksdale, MS",79.8066482543945,79.8066482543945,0.0892941504716873
2017,17300,"Clarksville, TN-KY",1033.40625,1033.40625,0.104621820151806
2017,17340,"Clearlake, CA",121.372222900391,121.372222900391,0.0529949553310871
2017,17380,"Cleveland, MS",172.786636352539,172.786636352539,0.147727608680725
2017,17420,"Cleveland, TN",935.554260253906,935.554260253906,0.188230827450752
2017,17460,"Cleveland-Elyria, OH",13912.2724609375,13912.2724609375,0.109182469546795
2017,17500,"Clewiston, FL",159.195083618164,159.195083618164,0.100789554417133
2017,17540,"Clinton, IA",490.885437011719,490.885437011719,0.200091063976288
2017,17580,"Clovis, NM",239.814788818359,239.814788818359,0.0923775061964989
2017,17660,"Coeur d'Alene, ID",821.779113769531,821.779113769531,0.137290388345718
2017,17700,"Coffeyville, KS",296.912658691406,296.912658691406,0.173998430371284
2017,17740,"Coldwater, MI",277.773590087891,277.773590087891,0.187482178211212
2017,17780,"College Station-Bryan, TX",992.662536621094,992.662536621094,0.0773017406463623
2017,17820,"Colorado Springs, CO",1773.42846679688,1773.42846679688,0.0513811446726322
2017,17860,"Columbia, MO",639.246276855469,639.246276855469,0.0652172341942787
2017,17900,"Columbia, SC",3738.49194335938,3738.49194335938,0.0858810245990753
2017,17980,"Columbus, GA-AL",1450.30639648438,1450.30639648438,0.0938832387328148
2017,18020,"Columbus, IN",2832.2470703125,2832.2470703125,0.464237362146378
2017,18060,"Columbus, MS",469.161651611328,469.161651611328,0.18057319521904
2017,18100,"Columbus, NE",522.748840332031,522.748840332031,0.202012926340103
2017,18140,"Columbus, OH",10701.0400390625,10701.0400390625,0.081875242292881
2017,18180,"Concord, NH",633.781799316406,633.781799316406,0.0678652226924896
2017,18220,"Connersville, IN",132.168350219727,132.168350219727,0.201123550534248
2017,18260,"Cookeville, TN",603.64990234375,603.64990234375,0.138350591063499
2017,18300,"Coos Bay, OR",142.097747802734,142.097747802734,0.0611857362091541
2017,18380,"Cordele, GA",100.394989013672,100.394989013672,0.102890074253082
2017,18420,"Corinth, MS",240.994110107422,240.994110107422,0.169027343392372
2017,18460,"Cornelia, GA",336.098083496094,336.098083496094,0.171067535877228
2017,18500,"Corning, NY",557.124267578125,557.124267578125,0.112061813473701
2017,18580,"Corpus Christi, TX",5888.7001953125,5888.7001953125,0.218903556466103
2017,18620,"Corsicana, TX",460.415802001953,460.415802001953,0.179247751832008
2017,18660,"Cortland, NY",211.684951782227,211.684951782227,0.0965967252850533
2017,18700,"Corvallis, OR",905.643493652344,905.643493652344,0.156090527772903
2017,18740,"Coshocton, OH",310.107543945312,310.107543945312,0.201677590608597
2017,18780,"Craig, CO",65.2954025268555,65.2954025268555,0.0815316066145897
2017,18820,"Crawfordsville, IN",478.694427490234,478.694427490234,0.263836532831192
2017,18860,"Crescent City, CA",36.8383560180664,36.8383560180664,0.0293600577861071
2017,18880,"Crestview-Fort Walton Beach-Destin, FL",598.606811523438,598.606811523438,0.0457847565412521
2017,18900,"Crossville, TN",177.694274902344,177.694274902344,0.0809633359313011
2017,18980,"Cullman, AL",480.650909423828,480.650909423828,0.163312837481499
2017,19000,"Cullowhee, NC",64.7068252563477,64.7068252563477,0.041372649371624
2017,19060,"Cumberland, MD-WV",360.172943115234,360.172943115234,0.0878637805581093
2017,19100,"Dallas-Fort Worth-Arlington, TX",58387.63671875,58387.63671875,0.118938460946083
2017,19140,"Dalton, GA",1544.56982421875,1544.56982421875,0.2090123295784
2017,19180,"Danville, IL",612.619812011719,612.619812011719,0.165441021323204
2017,19220,"Danville, KY",256.244079589844,256.244079589844,0.143924206495285
2017,19260,"Danville, VA",471.05078125,471.05078125,0.0978770181536674
2017,19300,"Daphne-Fairhope-Foley, AL",436.126983642578,436.126983642578,0.0533435791730881
2017,19340,"Davenport-Moline-Rock Island, IA-IL",2617.6572265625,2617.6572265625,0.12152648717165
2017,19380,"Dayton, OH",4675.03271484375,4675.03271484375,0.107251837849617
2017,19420,"Dayton, TN",209.914688110352,209.914688110352,0.182054832577705
2017,19460,"Decatur, AL",1569.08923339844,1569.08923339844,0.278090924024582
2017,19500,"Decatur, IL",1325.72888183594,1325.72888183594,0.192657023668289
2017,19540,"Decatur, IN",552.031188964844,552.031188964844,0.312436282634735
2017,19580,"Defiance, OH",222.079696655273,222.079696655273,0.114838123321533
2017,19620,"Del Rio, TX",340.678802490234,340.678802490234,0.144770100712776
2017,19660,"Deltona-Daytona Beach-Ormond Beach, FL",1169.37622070312,1169.37622070312,0.0556862540543079
2017,19700,"Deming, NM",121.360954284668,121.360954284668,0.106963649392128
2017,19740,"Denver-Aurora-Lakewood, CO",13750.0576171875,13750.0576171875,0.0720071420073509
2017,19760,"DeRidder, LA",225.356216430664,225.356216430664,0.211209416389465
2017,19780,"Des Moines-West Des Moines, IA",3333.94775390625,3333.94775390625,0.0664907693862915
2017,19820,"Detroit-Warren-Dearborn, MI",38195.33984375,38195.33984375,0.155867233872414
2017,19860,"Dickinson, ND",324.200469970703,324.200469970703,0.10925405472517
2017,19940,"Dixon, IL",235.831970214844,235.831970214844,0.135960683226585
2017,19980,"Dodge City, KS",350.063873291016,350.063873291016,0.173210620880127
2017,20020,"Dothan, AL",408.541381835938,408.541381835938,0.0709310248494148
2017,20060,"Douglas, GA",312.647369384766,312.647369384766,0.169444635510445
2017,20100,"Dover, DE",521.542724609375,521.542724609375,0.0628736689686775
2017,20140,"Dublin, GA",194.000549316406,194.000549316406,0.085721842944622
2017,20180,"DuBois, PA",254.301254272461,254.301254272461,0.0822037011384964
2017,20220,"Dubuque, IA",950.002014160156,950.002014160156,0.139724060893059
2017,20260,"Duluth, MN-WI",1501.68969726562,1501.68969726562,0.0972078144550323
2017,20300,"Dumas, TX",989.716491699219,989.716491699219,0.380487501621246
2017,20340,"Duncan, OK",298.204528808594,298.204528808594,0.159705936908722
2017,20380,"Dunn, NC",247.570465087891,247.570465087891,0.0752400085330009
2017,20420,"Durango, CO",200.447143554688,200.447143554688,0.0539078414440155
2017,20460,"Durant, OK",92.1639862060547,92.1639862060547,0.0588628947734833
2017,20500,"Durham-Chapel Hill, NC",5481.40380859375,5481.40380859375,0.1369918435812
2017,20540,"Dyersburg, TN",435.766571044922,435.766571044922,0.23249563574791
2017,20580,"Eagle Pass, TX",121.872016906738,121.872016906738,0.0612696222960949
2017,20660,"Easton, MD",154.645156860352,154.645156860352,0.0691074356436729
2017,20700,"East Stroudsburg, PA",765.624633789062,765.624633789062,0.106276974081993
2017,20740,"Eau Claire, WI",770.756591796875,770.756591796875,0.0849833637475967
2017,20780,"Edwards, CO",128.212936401367,128.212936401367,0.0275725554674864
2017,20820,"Effingham, IL",231.770950317383,231.770950317383,0.0866676419973373
2017,20900,"El Campo, TX",381.206359863281,381.206359863281,0.156937688589096
2017,20940,"El Centro, CA",455.672180175781,455.672180175781,0.0599276907742023
2017,20980,"El Dorado, AR",639.492614746094,639.492614746094,0.272460728883743
2017,21020,"Elizabeth City, NC",127.051139831543,127.051139831543,0.0503577701747417
2017,21060,"Elizabethtown-Fort Knox, KY",858.25439453125,858.25439453125,0.134049043059349
2017,21120,"Elk City, OK",126.04182434082,126.04182434082,0.0846850425004959
2017,21140,"Elkhart-Goshen, IN",4845.14501953125,4845.14501953125,0.283008307218552
2017,21180,"Elkins, WV",117.104370117188,117.104370117188,0.10112552344799
2017,21220,"Elko, NV",662.256958007812,662.256958007812,0.15514762699604
2017,21260,"Ellensburg, WA",161.52033996582,161.52033996582,0.0791626647114754
2017,21300,"Elmira, NY",475.814575195312,475.814575195312,0.101245976984501
2017,21340,"El Paso, TX",3446.24829101562,3446.24829101562,0.0924002528190613
2017,21380,"Emporia, KS",227.231857299805,227.231857299805,0.130297988653183
2017,21420,"Enid, OK",363.81982421875,363.81982421875,0.108513206243515
2017,21460,"Enterprise, AL",307.591125488281,307.591125488281,0.183335497975349
2017,21500,"Erie, PA",1622.76379394531,1622.76379394531,0.112839639186859
2017,21540,"Escanaba, MI",131.886505126953,131.886505126953,0.090332604944706
2017,21580,"Espa�ola, NM",68.5263290405273,68.5263290405273,0.0673828423023224
2017,21660,"Eugene, OR",1482.36218261719,1482.36218261719,0.0850125998258591
2017,21700,"Eureka-Arcata-Fortuna, CA",368.260070800781,368.260070800781,0.0534267760813236
2017,21740,"Evanston, WY",82.3939971923828,82.3939971923828,0.07462278008461
2017,21780,"Evansville, IN-KY",3288.92944335938,3288.92944335938,0.173254102468491
2017,21820,"Fairbanks, AK",346.870239257812,346.870239257812,0.0516494177281857
2017,21840,"Fairfield, IA",134.035171508789,134.035171508789,0.158215209841728
2017,21900,"Fairmont, WV",362.684631347656,362.684631347656,0.150430381298065
2017,21980,"Fallon, NV",53.5643463134766,53.5643463134766,0.0489901378750801
2017,22020,"Fargo, ND-MN",1321.93579101562,1321.93579101562,0.0806095749139786
2017,22060,"Faribault-Northfield, MN",381.417053222656,381.417053222656,0.14924581348896
2017,22100,"Farmington, MO",162.131713867188,162.131713867188,0.0710779801011086
2017,22140,"Farmington, NM",703.19677734375,703.19677734375,0.110347956418991
2017,22180,"Fayetteville, NC",1508.23107910156,1508.23107910156,0.0899235010147095
2017,22220,"Fayetteville-Springdale-Rogers, AR-MO",1953.92492675781,1953.92492675781,0.0752926543354988
2017,22260,"Fergus Falls, MN",378.532958984375,378.532958984375,0.130891487002373
2017,22280,"Fernley, NV",292.441619873047,292.441619873047,0.165489584207535
2017,22300,"Findlay, OH",1103.45532226562,1103.45532226562,0.20020817220211
2017,22340,"Fitzgerald, GA",108.169715881348,108.169715881348,0.143164962530136
2017,22380,"Flagstaff, AZ",567.20947265625,567.20947265625,0.0831336826086044
2017,22420,"Flint, MI",2012.69018554688,2012.69018554688,0.13039468228817
2017,22500,"Florence, SC",1069.57800292969,1069.57800292969,0.123006023466587
2017,22520,"Florence-Muscle Shoals, AL",1422.29895019531,1422.29895019531,0.242586880922318
2017,22540,"Fond du Lac, WI",1186.80383300781,1186.80383300781,0.22552390396595
2017,22580,"Forest City, NC",274.553436279297,274.553436279297,0.115987740457058
2017,22620,"Forrest City, AR",71.9978103637695,71.9978103637695,0.0825237110257149
2017,22660,"Fort Collins, CO",1480.13720703125,1480.13720703125,0.0767947807908058
2017,22700,"Fort Dodge, IA",412.927154541016,412.927154541016,0.181032180786133
2017,22780,"Fort Leonard Wood, MO",34.4101638793945,34.4101638793945,0.0208112578839064
2017,22800,"Fort Madison-Keokuk, IA-IL-MO",579.676086425781,579.676086425781,0.201885581016541
2017,22820,"Fort Morgan, CO",257.607696533203,257.607696533203,0.138909518718719
2017,22860,"Fort Polk South, LA",162.281463623047,162.281463623047,0.0911985635757446
2017,22900,"Fort Smith, AR-OK",1102.7353515625,1102.7353515625,0.10101842880249
2017,23060,"Fort Wayne, IN",3953.58544921875,3953.58544921875,0.162829592823982
2017,23140,"Frankfort, IN",336.301605224609,336.301605224609,0.253873825073242
2017,23180,"Frankfort, KY",325.135009765625,325.135009765625,0.0923550426959991
2017,23240,"Fredericksburg, TX",153.000564575195,153.000564575195,0.109747841954231
2017,23300,"Freeport, IL",292.176483154297,292.176483154297,0.119940102100372
2017,23340,"Fremont, NE",248.966812133789,248.966812133789,0.125183179974556
2017,23380,"Fremont, OH",741.261962890625,741.261962890625,0.241816535592079
2017,23420,"Fresno, CA",4120.39306640625,4120.39306640625,0.0782483220100403
2017,23460,"Gadsden, AL",391.930450439453,391.930450439453,0.114844009280205
2017,23500,"Gaffney, SC",446.381103515625,446.381103515625,0.237034559249878
2017,23540,"Gainesville, FL",674.25341796875,674.25341796875,0.0454609356820583
2017,23580,"Gainesville, GA",1805.09362792969,1805.09362792969,0.168768480420113
2017,23620,"Gainesville, TX",707.585876464844,707.585876464844,0.270879447460175
2017,23660,"Galesburg, IL",177.025024414062,177.025024414062,0.0723904371261597
2017,23700,"Gallup, NM",137.320266723633,137.320266723633,0.0489768348634243
2017,23780,"Garden City, KS",280.820220947266,280.820220947266,0.121806062757969
2017,23820,"Gardnerville Ranchos, NV",164.746551513672,164.746551513672,0.0655074119567871
2017,23860,"Georgetown, SC",232.831497192383,232.831497192383,0.0933585315942764
2017,23900,"Gettysburg, PA",437.227203369141,437.227203369141,0.112517774105072
2017,23940,"Gillette, WY",1357.03991699219,1357.03991699219,0.225131332874298
2017,23980,"Glasgow, KY",335.605682373047,335.605682373047,0.178537398576736
2017,24020,"Glens Falls, NY",508.144989013672,508.144989013672,0.0696486905217171
2017,24060,"Glenwood Springs, CO",286.97607421875,286.97607421875,0.0432928986847401
2017,24100,"Gloversville, NY",212.046356201172,212.046356201172,0.0986762419342995
2017,24140,"Goldsboro, NC",647.178649902344,647.178649902344,0.128535971045494
2017,24220,"Grand Forks, ND-MN",480.053497314453,480.053497314453,0.0792040750384331
2017,24260,"Grand Island, NE",743.152648925781,743.152648925781,0.157967016100883
2017,24300,"Grand Junction, CO",416.671722412109,416.671722412109,0.0588108189404011
2017,24340,"Grand Rapids-Wyoming, MI",8988.5068359375,8988.5068359375,0.143950015306473
2017,24380,"Grants, NM",74.8441696166992,74.8441696166992,0.0779456272721291
2017,24420,"Grants Pass, OR",246.145904541016,246.145904541016,0.0893383473157883
2017,24460,"Great Bend, KS",135.860946655273,135.860946655273,0.0955529138445854
2017,24500,"Great Falls, MT",150.766708374023,150.766708374023,0.0471509918570518
2017,24540,"Greeley, CO",1454.87255859375,1454.87255859375,0.116379283368587
2017,24580,"Green Bay, WI",2114.44311523438,2114.44311523438,0.104135185480118
2017,24620,"Greeneville, TN",582.191711425781,582.191711425781,0.212881177663803
2017,24640,"Greenfield Town, MA",356.594787597656,356.594787597656,0.105680882930756
2017,24660,"Greensboro-High Point, NC",6844.041015625,6844.041015625,0.154708951711655
2017,24700,"Greensburg, IN",598.535766601562,598.535766601562,0.323847949504852
2017,24740,"Greenville, MS",173.700668334961,173.700668334961,0.0983220562338829
2017,24780,"Greenville, NC",1174.78076171875,1174.78076171875,0.126583337783813
2017,24820,"Greenville, OH",421.622680664062,421.622680664062,0.157103821635246
2017,24860,"Greenville-Anderson-Mauldin, SC",6005.0302734375,6005.0302734375,0.142725273966789
2017,24900,"Greenwood, MS",198.518737792969,198.518737792969,0.126161396503448
2017,24940,"Greenwood, SC",776.951416015625,776.951416015625,0.209178984165192
2017,24980,"Grenada, MS",230.703063964844,230.703063964844,0.239390537142754
2017,25060,"Gulfport-Biloxi-Pascagoula, MS",1794.63403320312,1794.63403320312,0.107604496181011
2017,25100,"Guymon, OK",373.979217529297,373.979217529297,0.160154163837433
2017,25180,"Hagerstown-Martinsburg, MD-WV",1014.79370117188,1014.79370117188,0.0830237045884132
2017,25200,"Hailey, ID",106.156372070312,106.156372070312,0.0636184960603714
2017,25220,"Hammond, LA",362.469146728516,362.469146728516,0.0799730718135834
2017,25260,"Hanford-Corcoran, CA",563.49658203125,563.49658203125,0.0943788662552834
2017,25300,"Hannibal, MO",331.146545410156,331.146545410156,0.173484161496162
2017,25420,"Harrisburg-Carlisle, PA",2344.16137695312,2344.16137695312,0.0592601895332336
2017,25460,"Harrison, AR",183.439437866211,183.439437866211,0.118004664778709
2017,25500,"Harrisonburg, VA",1131.56579589844,1131.56579589844,0.117528036236763
2017,25540,"Hartford-West Hartford-East Hartford, CT",10901.8427734375,10901.8427734375,0.105427607893944
2017,25580,"Hastings, NE",248.770523071289,248.770523071289,0.142836943268776
2017,25620,"Hattiesburg, MS",393.013549804688,393.013549804688,0.0641882196068764
2017,25700,"Hays, KS",111.742225646973,111.742225646973,0.068711169064045
2017,25720,"Heber, UT",40.5688819885254,40.5688819885254,0.044531274586916
2017,25740,"Helena, MT",174.963500976562,174.963500976562,0.0455984435975552
2017,25760,"Helena-West Helena, AR",65.2743988037109,65.2743988037109,0.102618180215359
2017,25780,"Henderson, NC",147.132034301758,147.132034301758,0.0784921869635582
2017,25820,"Hereford, TX",273.140563964844,273.140563964844,0.210444837808609
2017,25840,"Hermiston-Pendleton, OR",449.757904052734,449.757904052734,0.101209752261639
2017,25860,"Hickory-Lenoir-Morganton, NC",3164.08935546875,3164.08935546875,0.198403865098953
2017,25880,"Hillsdale, MI",491.175720214844,491.175720214844,0.262165904045105
2017,25900,"Hilo, HI",627.119689941406,627.119689941406,0.071073479950428
2017,25940,"Hilton Head Island-Bluffton-Beaufort, SC",189.917678833008,189.917678833008,0.0223723948001862
2017,25980,"Hinesville, GA",271.897674560547,271.897674560547,0.0949051901698112
2017,26020,"Hobbs, NM",598.231567382812,598.231567382812,0.127881094813347
2017,26090,"Holland, MI",1001.17272949219,1001.17272949219,0.190894454717636
2017,26140,"Homosassa Springs, FL",80.7191543579102,80.7191543579102,0.0217729117721319
2017,26220,"Hood River, OR",155.989852905273,155.989852905273,0.105657696723938
2017,26300,"Hot Springs, AR",240.978958129883,240.978958129883,0.0674627497792244
2017,26340,"Houghton, MI",134.300216674805,134.300216674805,0.100024737417698
2017,26380,"Houma-Thibodaux, LA",1150.64685058594,1150.64685058594,0.121151581406593
2017,26420,"Houston-The Woodlands-Sugar Land, TX",79087.65625,79087.65625,0.173183500766754
2017,26460,"Hudson, NY",142.679718017578,142.679718017578,0.0534184910356998
2017,26500,"Huntingdon, PA",146.727264404297,146.727264404297,0.102970838546753
2017,26540,"Huntington, IN",365.898345947266,365.898345947266,0.211221113801003
2017,26580,"Huntington-Ashland, WV-KY-OH",1693.42797851562,1693.42797851562,0.116732992231846
2017,26620,"Huntsville, AL",3525.97045898438,3525.97045898438,0.13502910733223
2017,26660,"Huntsville, TX",266.316436767578,266.316436767578,0.0878366827964783
2017,26700,"Huron, SD",158.711883544922,158.711883544922,0.148794710636139
2017,26740,"Hutchinson, KS",255.133850097656,255.133850097656,0.0917239561676979
2017,26780,"Hutchinson, MN",463.858978271484,463.858978271484,0.217932760715485
2017,26820,"Idaho Falls, ID",653.851379394531,653.851379394531,0.106351360678673
2017,26860,"Indiana, PA",565.200073242188,565.200073242188,0.106551058590412
2017,26900,"Indianapolis-Carmel-Anderson, IN",15073.966796875,15073.966796875,0.117421753704548
2017,26940,"Indianola, MS",56.3409690856934,56.3409690856934,0.0873801410198212
2017,26960,"Ionia, MI",432.236358642578,432.236358642578,0.181860253214836
2017,26980,"Iowa City, IA",1253.6875,1253.6875,0.113860934972763
2017,27020,"Iron Mountain, MI-WI",196.641143798828,196.641143798828,0.112352885305882
2017,27060,"Ithaca, NY",819.533630371094,819.533630371094,0.114413820207119
2017,27100,"Jackson, MI",1100.029296875,1100.029296875,0.158914625644684
2017,27140,"Jackson, MS",2044.91821289062,2044.91821289062,0.0730267688632011
2017,27160,"Jackson, OH",188.618301391602,188.618301391602,0.151550561189651
2017,27180,"Jackson, TN",894.293640136719,894.293640136719,0.127622961997986
2017,27220,"Jackson, WY-ID",112.023414611816,112.023414611816,0.0396717190742493
2017,27260,"Jacksonville, FL",4457.9853515625,4457.9853515625,0.0598145611584187
2017,27300,"Jacksonville, IL",191.997375488281,191.997375488281,0.0911067053675652
2017,27340,"Jacksonville, NC",217.633224487305,217.633224487305,0.0354047305881977
2017,27380,"Jacksonville, TX",240.474914550781,240.474914550781,0.137019619345665
2017,27420,"Jamestown, ND",142.089111328125,142.089111328125,0.116657726466656
2017,27460,"Jamestown-Dunkirk-Fredonia, NY",776.484924316406,776.484924316406,0.124226056039333
2017,27500,"Janesville-Beloit, WI",719.25439453125,719.25439453125,0.105415068566799
2017,27540,"Jasper, IN",615.105712890625,615.105712890625,0.173099532723427
2017,27600,"Jefferson, GA",556.080322265625,556.080322265625,0.147022128105164
2017,27620,"Jefferson City, MO",545.784484863281,545.784484863281,0.0728262215852737
2017,27700,"Jesup, GA",164.237564086914,164.237564086914,0.156443551182747
2017,27740,"Johnson City, TN",864.987121582031,864.987121582031,0.0995454341173172
2017,27780,"Johnstown, PA",472.847564697266,472.847564697266,0.0769835487008095
2017,27860,"Jonesboro, AR",558.509887695312,558.509887695312,0.10786896198988
2017,27900,"Joplin, MO",1146.30798339844,1146.30798339844,0.13878358900547
2017,27920,"Junction City, KS",52.7436180114746,52.7436180114746,0.0277415476739407
2017,27940,"Juneau, AK",191.529434204102,191.529434204102,0.0661788135766983
2017,27980,"Kahului-Wailuku-Lahaina, HI",790.951782226562,790.951782226562,0.0806580036878586
2017,28020,"Kalamazoo-Portage, MI",2173.65405273438,2173.65405273438,0.1246407777071
2017,28060,"Kalispell, MT",241.209747314453,241.209747314453,0.054345615208149
2017,28100,"Kankakee, IL",748.634094238281,748.634094238281,0.13096983730793
2017,28140,"Kansas City, MO-KS",10387.1181640625,10387.1181640625,0.0864176750183105
2017,28180,"Kapaa, HI",200.097244262695,200.097244262695,0.0525192394852638
2017,28260,"Kearney, NE",412.345733642578,412.345733642578,0.119786813855171
2017,28300,"Keene, NH",391.767852783203,391.767852783203,0.104697294533253
2017,28340,"Kendallville, IN",781.438110351562,781.438110351562,0.326378434896469
2017,28380,"Kennett, MO",76.6799774169922,76.6799774169922,0.0577018409967422
2017,28420,"Kennewick-Richland, WA",1214.2392578125,1214.2392578125,0.0807560086250305
2017,28500,"Kerrville, TX",164.408386230469,164.408386230469,0.0760903358459473
2017,28540,"Ketchikan, AK",34.2369232177734,34.2369232177734,0.0337442569434643
2017,28580,"Key West, FL",105.717910766602,105.717910766602,0.0229848530143499
2017,28620,"Kill Devil Hills, NC",82.0600509643555,82.0600509643555,0.0130639337003231
2017,28660,"Killeen-Temple, TX",1114.59265136719,1114.59265136719,0.0635393485426903
2017,28700,"Kingsport-Bristol-Bristol, TN-VA",2960.572265625,2960.572265625,0.207151517271996
2017,28740,"Kingston, NY",421.473754882812,421.473754882812,0.0516981445252895
2017,28780,"Kingsville, TX",313.664245605469,313.664245605469,0.183519527316093
2017,28820,"Kinston, NC",810.259765625,810.259765625,0.197767108678818
2017,28860,"Kirksville, MO",98.5162506103516,98.5162506103516,0.0944474563002586
2017,28900,"Klamath Falls, OR",150.525573730469,150.525573730469,0.0632877871394157
2017,28940,"Knoxville, TN",4651.1572265625,4651.1572265625,0.105839796364307
2017,29020,"Kokomo, IN",1929.93896484375,1929.93896484375,0.372352242469788
2017,29060,"Laconia, NH",163.215393066406,163.215393066406,0.0542416833341122
2017,29100,"La Crosse-Onalaska, WI-MN",566.454345703125,566.454345703125,0.0662447661161423
2017,29180,"Lafayette, LA",2629.21362304688,2629.21362304688,0.1152358725667
2017,29200,"Lafayette-West Lafayette, IN",3358.88793945312,3358.88793945312,0.292476266622543
2017,29260,"La Grande, OR",192.17073059082,192.17073059082,0.153959527611732
2017,29300,"LaGrange, GA",1201.62060546875,1201.62060546875,0.2708860039711
2017,29340,"Lake Charles, LA",6866.39453125,6866.39453125,0.376883894205093
2017,29380,"Lake City, FL",188.986968994141,188.986968994141,0.0741395726799965
2017,29420,"Lake Havasu City-Kingman, AZ",316.382568359375,316.382568359375,0.0628716200590134
2017,29460,"Lakeland-Winter Haven, FL",1546.90698242188,1546.90698242188,0.0646912306547165
2017,29500,"Lamesa, TX",80.2538146972656,80.2538146972656,0.11216152459383
2017,29540,"Lancaster, PA",2613.09887695312,2613.09887695312,0.0890343636274338
2017,29620,"Lansing-East Lansing, MI",3199.0615234375,3199.0615234375,0.116533935070038
2017,29660,"Laramie, WY",93.2839050292969,93.2839050292969,0.0539082437753677
2017,29700,"Laredo, TX",522.777465820312,522.777465820312,0.0488503091037273
2017,29740,"Las Cruces, NM",526.649780273438,526.649780273438,0.0662545040249825
2017,29780,"Las Vegas, NM",43.6887550354004,43.6887550354004,0.0550464987754822
2017,29820,"Las Vegas-Henderson-Paradise, NV",8952.759765625,8952.759765625,0.0810268819332123
2017,29860,"Laurel, MS",684.143127441406,684.143127441406,0.201197847723961
2017,29900,"Laurinburg, NC",276.33447265625,276.33447265625,0.192319646477699
2017,29940,"Lawrence, KS",392.292724609375,392.292724609375,0.072154812514782
2017,29980,"Lawrenceburg, TN",168.40104675293,168.40104675293,0.151593834161758
2017,30020,"Lawton, OK",309.982543945312,309.982543945312,0.0644161105155945
2017,30060,"Lebanon, MO",304.238891601562,304.238891601562,0.202518090605736
2017,30140,"Lebanon, PA",706.503112792969,706.503112792969,0.102563887834549
2017,30220,"Levelland, TX",215.459701538086,215.459701538086,0.117028973996639
2017,30260,"Lewisburg, PA",137.473831176758,137.473831176758,0.0661625266075134
2017,30280,"Lewisburg, TN",299.89453125,299.89453125,0.295369476079941
2017,30300,"Lewiston, ID-WA",324.832214355469,324.832214355469,0.118334665894508
2017,30340,"Lewiston-Auburn, ME",312.309600830078,312.309600830078,0.0655525997281075
2017,30380,"Lewistown, PA",341.280731201172,341.280731201172,0.197512999176979
2017,30420,"Lexington, NE",299.093719482422,299.093719482422,0.192332103848457
2017,30460,"Lexington-Fayette, KY",3451.193359375,3451.193359375,0.121054574847221
2017,30580,"Liberal, KS",211.853378295898,211.853378295898,0.15925233066082
2017,30620,"Lima, OH",1092.15307617188,1092.15307617188,0.170874789357185
2017,30660,"Lincoln, IL",126.280647277832,126.280647277832,0.0910859480500221
2017,30700,"Lincoln, NE",1854.81994628906,1854.81994628906,0.0897696241736412
2017,30780,"Little Rock-North Little Rock-Conway, AR",2611.4892578125,2611.4892578125,0.0694774314761162
2017,30820,"Lock Haven, PA",306.131195068359,306.131195068359,0.159506469964981
2017,30860,"Logan, UT-ID",845.068054199219,845.068054199219,0.134676918387413
2017,30880,"Logan, WV",226.630218505859,226.630218505859,0.180530071258545
2017,30900,"Logansport, IN",388.996063232422,388.996063232422,0.229990109801292
2017,30940,"London, KY",417.615966796875,417.615966796875,0.0887804180383682
2017,30980,"Longview, TX",1620.74926757812,1620.74926757812,0.131499364972115
2017,31020,"Longview, WA",560.212219238281,560.212219238281,0.11724753677845
2017,31060,"Los Alamos, NM",300.892822265625,300.892822265625,0.145521953701973
2017,31080,"Los Angeles-Long Beach-Anaheim, CA",99590.0078125,99590.0078125,0.0959268286824226
2017,31140,"Louisville/Jefferson County, KY-IN",8977.716796875,8977.716796875,0.125385925173759
2017,31180,"Lubbock, TX",942.791931152344,942.791931152344,0.0551147311925888
2017,31220,"Ludington, MI",134.119720458984,134.119720458984,0.107705920934677
2017,31260,"Lufkin, TX",415.993927001953,415.993927001953,0.0980029106140137
2017,31300,"Lumberton, NC",692.113464355469,692.113464355469,0.130817487835884
2017,31340,"Lynchburg, VA",1616.72583007812,1616.72583007812,0.103864170610905
2017,31380,"Macomb, IL",158.127731323242,158.127731323242,0.103078596293926
2017,31420,"Macon, GA",776.723327636719,776.723327636719,0.0629822835326195
2017,31460,"Madera, CA",660.655456542969,660.655456542969,0.10726772248745
2017,31500,"Madison, IN",349.313079833984,349.313079833984,0.236841693520546
2017,31540,"Madison, WI",4060.37133789062,4060.37133789062,0.0830416455864906
2017,31580,"Madisonville, KY",326.561157226562,326.561157226562,0.169904291629791
2017,31620,"Magnolia, AR",197.56950378418,197.56950378418,0.223494917154312
2017,31660,"Malone, NY",64.0597915649414,64.0597915649414,0.0304624512791634
2017,31680,"Malvern, AR",103.971389770508,103.971389770508,0.124718271195889
2017,31700,"Manchester-Nashua, NH",2463.8427734375,2463.8427734375,0.0881301015615463
2017,31740,"Manhattan, KS",307.513946533203,307.513946533203,0.0712319314479828
2017,31820,"Manitowoc, WI",631.554565429688,631.554565429688,0.150317162275314
2017,31860,"Mankato-North Mankato, MN",734.90966796875,734.90966796875,0.112633287906647
2017,31900,"Mansfield, OH",868.682373046875,868.682373046875,0.158522740006447
2017,31930,"Marietta, OH",613.2255859375,613.2255859375,0.180090859532356
2017,31940,"Marinette, WI-MI",615.172607421875,615.172607421875,0.197345286607742
2017,31980,"Marion, IN",428.71484375,428.71484375,0.148666262626648
2017,32000,"Marion, NC",636.048400878906,636.048400878906,0.270651966333389
2017,32020,"Marion, OH",504.763458251953,504.763458251953,0.176091745495796
2017,32100,"Marquette, MI",242.637741088867,242.637741088867,0.0751132965087891
2017,32140,"Marshall, MN",248.714385986328,248.714385986328,0.136348351836205
2017,32180,"Marshall, MO",180.000503540039,180.000503540039,0.174371778964996
2017,32220,"Marshall, TX",1553.40209960938,1553.40209960938,0.327727496623993
2017,32260,"Marshalltown, IA",467.290069580078,467.290069580078,0.230322629213333
2017,32280,"Martin, TN",133.852493286133,133.852493286133,0.127792567014694
2017,32300,"Martinsville, VA",325.202728271484,325.202728271484,0.10834962874651
2017,32340,"Maryville, MO",156.870956420898,156.870956420898,0.190819680690765
2017,32380,"Mason City, IA",295.323120117188,295.323120117188,0.108122304081917
2017,32460,"Mayfield, KY",162.915466308594,162.915466308594,0.124405682086945
2017,32500,"Maysville, KY",128.396011352539,128.396011352539,0.138390570878983
2017,32540,"McAlester, OK",139.233703613281,139.233703613281,0.0765786096453667
2017,32580,"McAllen-Edinburg-Mission, TX",1080.40588378906,1080.40588378906,0.0427580215036869
2017,32620,"McComb, MS",198.573257446289,198.573257446289,0.119143009185791
2017,32660,"McMinnville, TN",374.116790771484,374.116790771484,0.23091633617878
2017,32700,"McPherson, KS",380.616882324219,380.616882324219,0.180661991238594
2017,32740,"Meadville, PA",486.004211425781,486.004211425781,0.135521039366722
2017,32780,"Medford, OR",717.262145996094,717.262145996094,0.0757162272930145
2017,32820,"Memphis, TN-MS-AR",5902.763671875,5902.763671875,0.0800490751862526
2017,32860,"Menomonie, WI",237.713623046875,237.713623046875,0.126148849725723
2017,32900,"Merced, CA",1076.84692382812,1076.84692382812,0.107256628572941
2017,32940,"Meridian, MS",321.627319335938,321.627319335938,0.0824019908905029
2017,32980,"Merrill, WI",142.556289672852,142.556289672852,0.108002103865147
2017,33020,"Mexico, MO",160.089828491211,160.089828491211,0.151137933135033
2017,33060,"Miami, OK",144.40266418457,144.40266418457,0.118049331009388
2017,33100,"Miami-Fort Lauderdale-West Palm Beach, FL",30564.216796875,30564.216796875,0.0981337875127792
2017,33140,"Michigan City-La Porte, IN",687.400024414062,687.400024414062,0.159388601779938
2017,33180,"Middlesborough, KY",143.11962890625,143.11962890625,0.149196401238441
2017,33220,"Midland, MI",1101.72351074219,1101.72351074219,0.237090393900871
2017,33260,"Midland, TX",2847.26831054688,2847.26831054688,0.1557956635952
2017,33300,"Milledgeville, GA",176.524551391602,176.524551391602,0.0982465818524361
2017,33340,"Milwaukee-Waukesha-West Allis, WI",9549.4755859375,9549.4755859375,0.0989883095026016
2017,33420,"Mineral Wells, TX",243.50537109375,243.50537109375,0.199979767203331
2017,33460,"Minneapolis-St. Paul-Bloomington, MN-WI",21773.875,21773.875,0.0885727107524872
2017,33500,"Minot, ND",297.662261962891,297.662261962891,0.0678112581372261
2017,33540,"Missoula, MT",251.774520874023,251.774520874023,0.045258279889822
2017,33580,"Mitchell, SD",194.745101928711,194.745101928711,0.136378988623619
2017,33620,"Moberly, MO",150.076599121094,150.076599121094,0.129269406199455
2017,33660,"Mobile, AL",2643.06201171875,2643.06201171875,0.132501110434532
2017,33700,"Modesto, CA",1980.12414550781,1980.12414550781,0.0757362470030785
2017,33740,"Monroe, LA",712.292602539062,712.292602539062,0.0836915150284767
2017,33780,"Monroe, MI",580.261962890625,580.261962890625,0.117455042898655
2017,33860,"Montgomery, AL",2564.78100585938,2564.78100585938,0.138789787888527
2017,33940,"Montrose, CO",138.004104614258,138.004104614258,0.072801947593689
2017,33980,"Morehead City, NC",108.073089599609,108.073089599609,0.0329509191215038
2017,34020,"Morgan City, LA",515.192321777344,515.192321777344,0.172414675354958
2017,34060,"Morgantown, WV",1041.16723632812,1041.16723632812,0.140611827373505
2017,34100,"Morristown, TN",1033.13562011719,1033.13562011719,0.203045010566711
2017,34140,"Moscow, ID",119.75675201416,119.75675201416,0.084504745900631
2017,34180,"Moses Lake, WA",880.801147460938,880.801147460938,0.14443601667881
2017,34220,"Moultrie, GA",274.837066650391,274.837066650391,0.153197064995766
2017,34260,"Mountain Home, AR",148.011383056641,148.011383056641,0.100395701825619
2017,34300,"Mountain Home, ID",72.3069152832031,72.3069152832031,0.10501941293478
2017,34340,"Mount Airy, NC",394.389984130859,394.389984130859,0.111901462078094
2017,34380,"Mount Pleasant, MI",391.716369628906,391.716369628906,0.117884948849678
2017,34420,"Mount Pleasant, TX",518.239196777344,518.239196777344,0.231130823493004
2017,34460,"Mount Sterling, KY",396.904693603516,396.904693603516,0.250541090965271
2017,34500,"Mount Vernon, IL",364.211029052734,364.211029052734,0.139094665646553
2017,34540,"Mount Vernon, OH",605.601684570312,605.601684570312,0.269566029310226
2017,34580,"Mount Vernon-Anacortes, WA",818.056030273438,818.056030273438,0.119126334786415
2017,34620,"Muncie, IN",507.073486328125,507.073486328125,0.101704753935337
2017,34660,"Murray, KY",288.555969238281,288.555969238281,0.157849058508873
2017,34700,"Muscatine, IA",718.6611328125,718.6611328125,0.240632548928261
2017,34740,"Muskegon, MI",954.124572753906,954.124572753906,0.146029710769653
2017,34780,"Muskogee, OK",335.043273925781,335.043273925781,0.0963460132479668
2017,34820,"Myrtle Beach-Conway-North Myrtle Beach, SC-NC",843.410217285156,843.410217285156,0.0433530993759632
2017,34860,"Nacogdoches, TX",293.887176513672,293.887176513672,0.111346207559109
2017,34900,"Napa, CA",787.727783203125,787.727783203125,0.0777701660990715
2017,34940,"Naples-Immokalee-Marco Island, FL",564.130065917969,564.130065917969,0.0357485972344875
2017,34980,"Nashville-Davidson-Murfreesboro-Franklin, TN",11027.7939453125,11027.7939453125,0.0944980531930923
2017,35020,"Natchez, MS-LA",134.055160522461,134.055160522461,0.0847340226173401
2017,35060,"Natchitoches, LA",197.981735229492,197.981735229492,0.144796520471573
2017,35100,"New Bern, NC",455.809783935547,455.809783935547,0.0772345587611198
2017,35140,"Newberry, SC",361.412414550781,361.412414550781,0.239425256848335
2017,35220,"New Castle, IN",271.7470703125,271.7470703125,0.184347793459892
2017,35260,"New Castle, PA",273.659210205078,273.659210205078,0.0804633870720863
2017,35300,"New Haven-Milford, CT",4118.88330078125,4118.88330078125,0.0744037702679634
2017,35380,"New Orleans-Metairie, LA",16317.146484375,16317.146484375,0.216359674930573
2017,35420,"New Philadelphia-Dover, OH",692.302429199219,692.302429199219,0.158302426338196
2017,35440,"Newport, OR",80.8447952270508,80.8447952270508,0.0413065664470196
2017,35460,"Newport, TN",116.803916931152,116.803916931152,0.140876978635788
2017,35500,"Newton, IA",238.635513305664,238.635513305664,0.197939217090607
2017,35580,"New Ulm, MN",278.684112548828,278.684112548828,0.165395095944405
2017,35620,"New York-Newark-Jersey City, NY-NJ-PA",133197.390625,133197.390625,0.0825448259711266
2017,35660,"Niles-Benton Harbor, MI",1187.88525390625,1187.88525390625,0.172958165407181
2017,35700,"Nogales, AZ",135.972732543945,135.972732543945,0.0720889493823051
2017,35740,"Norfolk, NE",396.463531494141,396.463531494141,0.129127755761147
2017,35820,"North Platte, NE",174.125823974609,174.125823974609,0.0932525470852852
2017,35840,"North Port-Sarasota-Bradenton, FL",1580.61315917969,1580.61315917969,0.0488844476640224
2017,35860,"North Vernon, IN",184.188537597656,184.188537597656,0.215813905000687
2017,35900,"North Wilkesboro, NC",496.299102783203,496.299102783203,0.146366372704506
2017,35940,"Norwalk, OH",508.015258789062,508.015258789062,0.177314624190331
2017,35980,"Norwich-New London, CT",2210.19775390625,2210.19775390625,0.119875460863113
2017,36020,"Oak Harbor, WA",86.6606216430664,86.6606216430664,0.0377647317945957
2017,36100,"Ocala, FL",787.933776855469,787.933776855469,0.0734524950385094
2017,36140,"Ocean City, NJ",100.508255004883,100.508255004883,0.0169796105474234
2017,36220,"Odessa, TX",1126.39794921875,1126.39794921875,0.116247296333313
2017,36260,"Ogden-Clearfield, UT",3842.71948242188,3842.71948242188,0.137834250926971
2017,36300,"Ogdensburg-Massena, NY",383.162506103516,383.162506103516,0.0907196328043938
2017,36340,"Oil City, PA",378.9892578125,378.9892578125,0.160072490572929
2017,36380,"Okeechobee, FL",89.6628723144531,89.6628723144531,0.0739676728844643
2017,36420,"Oklahoma City, OK",5286.671875,5286.671875,0.0751302242279053
2017,36460,"Olean, NY",390.264556884766,390.264556884766,0.107997037470341
2017,36500,"Olympia-Tumwater, WA",473.714324951172,473.714324951172,0.0354528576135635
2017,36540,"Omaha-Council Bluffs, NE-IA",4477.7861328125,4477.7861328125,0.0772881358861923
2017,36580,"Oneonta, NY",134.506332397461,134.506332397461,0.0452082604169846
2017,36620,"Ontario, OR-ID",237.747329711914,237.747329711914,0.106971964240074
2017,36660,"Opelousas, LA",407.774627685547,407.774627685547,0.152752041816711
2017,36700,"Orangeburg, SC",548.788269042969,548.788269042969,0.193117663264275
2017,36740,"Orlando-Kissimmee-Sanford, FL",14055.716796875,14055.716796875,0.0998272821307182
2017,36780,"Oshkosh-Neenah, WI",1866.15368652344,1866.15368652344,0.176591500639915
2017,36820,"Oskaloosa, IA",158.330505371094,158.330505371094,0.182981804013252
2017,36830,"Othello, WA",192.056762695312,192.056762695312,0.161149829626083
2017,36840,"Ottawa, KS",105.322364807129,105.322364807129,0.122437968850136
2017,36860,"Ottawa-Peru, IL",859.077819824219,859.077819824219,0.100118733942509
2017,36900,"Ottumwa, IA",376.230987548828,376.230987548828,0.190722674131393
2017,36940,"Owatonna, MN",417.033355712891,417.033355712891,0.154692858457565
2017,36980,"Owensboro, KY",965.524047851562,965.524047851562,0.167608246207237
2017,37020,"Owosso, MI",240.620971679688,240.620971679688,0.121695995330811
2017,37060,"Oxford, MS",194.875213623047,194.875213623047,0.0878195986151695
2017,37080,"Oxford, NC",1000.33636474609,1000.33636474609,0.239701434969902
2017,37100,"Oxnard-Thousand Oaks-Ventura, CA",5845.3037109375,5845.3037109375,0.112773947417736
2017,37120,"Ozark, AL",558.912841796875,558.912841796875,0.232072919607162
2017,37140,"Paducah, KY-IL",421.321380615234,421.321380615234,0.0843521729111671
2017,37220,"Pahrump, NV",195.26025390625,195.26025390625,0.111074596643448
2017,37260,"Palatka, FL",128.317611694336,128.317611694336,0.0657627582550049
2017,37300,"Palestine, TX",252.601348876953,252.601348876953,0.0986519753932953
2017,37340,"Palm Bay-Melbourne-Titusville, FL",2263.04663085938,2263.04663085938,0.0979052558541298
2017,37420,"Pampa, TX",389.395721435547,389.395721435547,0.243407309055328
2017,37460,"Panama City, FL",425.071563720703,425.071563720703,0.0422891117632389
2017,37500,"Paragould, AR",451.926483154297,451.926483154297,0.271088659763336
2017,37540,"Paris, TN",168.400894165039,168.400894165039,0.130195140838623
2017,37580,"Paris, TX",577.364013671875,577.364013671875,0.207415550947189
2017,37620,"Parkersburg-Vienna, WV",662.748107910156,662.748107910156,0.165058553218842
2017,37660,"Parsons, KS",108.196807861328,108.196807861328,0.12704673409462
2017,37740,"Payson, AZ",535.920715332031,535.920715332031,0.256853997707367
2017,37780,"Pecos, TX",24.4251384735107,24.4251384735107,0.0447691231966019
2017,37860,"Pensacola-Ferry Pass-Brent, FL",1248.18530273438,1248.18530273438,0.0633256509900093
2017,37900,"Peoria, IL",3158.91186523438,3158.91186523438,0.140290409326553
2017,37940,"Peru, IN",157.28727722168,157.28727722168,0.1466383934021
2017,37980,"Philadelphia-Camden-Wilmington, PA-NJ-DE-MD",32736.037109375,32736.037109375,0.0813750997185707
2017,38060,"Phoenix-Mesa-Scottsdale, AZ",18184.470703125,18184.470703125,0.0773418545722961
2017,38100,"Picayune, MS",88.5973205566406,88.5973205566406,0.0903049856424332
2017,38180,"Pierre, SD",59.6657867431641,59.6657867431641,0.041227862238884
2017,38220,"Pine Bluff, AR",429.783966064453,429.783966064453,0.131440043449402
2017,38240,"Pinehurst-Southern Pines, NC",282.265258789062,282.265258789062,0.0694897472858429
2017,38260,"Pittsburg, KS",188.848266601562,188.848266601562,0.107662908732891
2017,38300,"Pittsburgh, PA",14022.2294921875,14022.2294921875,0.0903953239321709
2017,38340,"Pittsfield, MA",505.602630615234,505.602630615234,0.0650201663374901
2017,38380,"Plainview, TX",171.020355224609,171.020355224609,0.105269208550453
2017,38420,"Platteville, WI",253.048522949219,253.048522949219,0.113922700285912
2017,38460,"Plattsburgh, NY",396.364074707031,396.364074707031,0.0920746922492981
2017,38500,"Plymouth, IN",603.063842773438,603.063842773438,0.285904377698898
2017,38540,"Pocatello, ID",274.968933105469,274.968933105469,0.0821828246116638
2017,38580,"Point Pleasant, WV-OH",194.895751953125,194.895751953125,0.085047148168087
2017,38620,"Ponca City, OK",234.64013671875,234.64013671875,0.101903140544891
2017,38700,"Pontiac, IL",270.381469726562,270.381469726562,0.129098579287529
2017,38740,"Poplar Bluff, MO",206.903060913086,206.903060913086,0.103519335389137
2017,38780,"Portales, NM",150.98893737793,150.98893737793,0.174875140190125
2017,38820,"Port Angeles, WA",192.543869018555,192.543869018555,0.0675637573003769
2017,38840,"Port Clinton, OH",163.67903137207,163.67903137207,0.0856003686785698
2017,38860,"Portland-South Portland, ME",1636.77392578125,1636.77392578125,0.0557221062481403
2017,38900,"Portland-Vancouver-Hillsboro, OR-WA",20973.5703125,20973.5703125,0.126413911581039
2017,38920,"Port Lavaca, TX",1258.98791503906,1258.98791503906,0.409954905509949
2017,38940,"Port St. Lucie, FL",666.539611816406,666.539611816406,0.0441759824752808
2017,39020,"Portsmouth, OH",159.913177490234,159.913177490234,0.0665442571043968
2017,39060,"Pottsville, PA",891.026611328125,891.026611328125,0.155724063515663
2017,39140,"Prescott, AZ",539.71142578125,539.71142578125,0.0793852061033249
2017,39220,"Price, UT",85.7369384765625,85.7369384765625,0.0894285514950752
2017,39260,"Prineville, OR",76.21044921875,76.21044921875,0.0964506044983864
2017,39300,"Providence-Warwick, RI-MA",6585.54638671875,6585.54638671875,0.0755673199892044
2017,39340,"Provo-Orem, UT",1891.04138183594,1891.04138183594,0.0728634893894196
2017,39380,"Pueblo, CO",426.221343994141,426.221343994141,0.0666451975703239
2017,39420,"Pullman, WA",366.128265380859,366.128265380859,0.137207895517349
2017,39460,"Punta Gorda, FL",131.044677734375,131.044677734375,0.0268227476626635
2017,39500,"Quincy, IL-MO",679.295166015625,679.295166015625,0.129539340734482
2017,39540,"Racine, WI",1578.78198242188,1578.78198242188,0.192393153905869
2017,39580,"Raleigh, NC",7299.5478515625,7299.5478515625,0.0954301059246063
2017,39660,"Rapid City, SD",443.923858642578,443.923858642578,0.0593611262738705
2017,39700,"Raymondville, TX",39.572093963623,39.572093963623,0.0830021277070045
2017,39740,"Reading, PA",3467.28271484375,3467.28271484375,0.168518468737602
2017,39780,"Red Bluff, CA",365.085723876953,365.085723876953,0.124053075909615
2017,39820,"Redding, CA",402.771484375,402.771484375,0.0449703931808472
2017,39860,"Red Wing, MN",362.582427978516,362.582427978516,0.141288265585899
2017,39900,"Reno, NV",1641.51843261719,1641.51843261719,0.0647384002804756
2017,39940,"Rexburg, ID",153.803359985352,153.803359985352,0.0791303887963295
2017,39980,"Richmond, IN",486.782684326172,486.782684326172,0.166768088936806
2017,40060,"Richmond, VA",5083.90478515625,5083.90478515625,0.0611438974738121
2017,40080,"Richmond-Berea, KY",684.817810058594,684.817810058594,0.175027936697006
2017,40100,"Rio Grande City, TX",76.8598556518555,76.8598556518555,0.0468346402049065
2017,40140,"Riverside-San Bernardino-Ontario, CA",12178.62890625,12178.62890625,0.0624603889882565
2017,40180,"Riverton, WY",138.55908203125,138.55908203125,0.0698942616581917
2017,40220,"Roanoke, VA",1260.26306152344,1260.26306152344,0.0670223608613014
2017,40260,"Roanoke Rapids, NC",353.780731201172,353.780731201172,0.125481754541397
2017,40300,"Rochelle, IL",358.580932617188,358.580932617188,0.111778490245342
2017,40340,"Rochester, MN",1067.67858886719,1067.67858886719,0.0852066576480865
2017,40380,"Rochester, NY",6817.7470703125,6817.7470703125,0.0897057130932808
2017,40420,"Rockford, IL",3152.41235351562,3152.41235351562,0.17219577729702
2017,40460,"Rockingham, NC",327.905456542969,327.905456542969,0.166235134005547
2017,40540,"Rock Springs, WY",903.618896484375,903.618896484375,0.189400598406792
2017,40580,"Rocky Mount, NC",1226.55639648438,1226.55639648438,0.183817103505135
2017,40620,"Rolla, MO",147.961441040039,147.961441040039,0.0820294469594955
2017,40660,"Rome, GA",574.1083984375,574.1083984375,0.12708768248558
2017,40700,"Roseburg, OR",323.032165527344,323.032165527344,0.0784104391932487
2017,40740,"Roswell, NM",297.535339355469,297.535339355469,0.102901063859463
2017,40780,"Russellville, AR",437.705413818359,437.705413818359,0.118619032204151
2017,40820,"Ruston, LA",172.86865234375,172.86865234375,0.0802349671721458
2017,40860,"Rutland, VT",208.533050537109,208.533050537109,0.0741129368543625
2017,40900,"Sacramento-Roseville-Arden-Arcade, CA",8131.07421875,8131.07421875,0.055988609790802
2017,40940,"Safford, AZ",218.722854614258,218.722854614258,0.159538760781288
2017,40980,"Saginaw, MI",1507.3564453125,1507.3564453125,0.156604081392288
2017,41060,"St. Cloud, MN",1403.37463378906,1403.37463378906,0.111078582704067
2017,41100,"St. George, UT",296.547790527344,296.547790527344,0.0480363816022873
2017,41140,"St. Joseph, MO-KS",1051.97216796875,1051.97216796875,0.153387844562531
2017,41180,"St. Louis, MO-IL",16180.7109375,16180.7109375,0.103132702410221
2017,41220,"St. Marys, GA",136.973297119141,136.973297119141,0.0592347718775272
2017,41400,"Salem, OH",491.923248291016,491.923248291016,0.130906194448471
2017,41420,"Salem, OR",1216.46655273438,1216.46655273438,0.0716466307640076
2017,41460,"Salina, KS",424.977478027344,424.977478027344,0.13458152115345
2017,41500,"Salinas, CA",2302.6767578125,2302.6767578125,0.0945141166448593
2017,41540,"Salisbury, MD-DE",1386.61804199219,1386.61804199219,0.0655542239546776
2017,41620,"Salt Lake City, UT",8248.6650390625,8248.6650390625,0.0954928621649742
2017,41660,"San Angelo, TX",478.505187988281,478.505187988281,0.0799681171774864
2017,41700,"San Antonio-New Braunfels, TX",11046.255859375,11046.255859375,0.0879872292280197
2017,41740,"San Diego-Carlsbad, CA",23830.1328125,23830.1328125,0.0971452444791794
2017,41760,"Sandpoint, ID",166.911331176758,166.911331176758,0.119935996830463
2017,41780,"Sandusky, OH",707.316528320312,707.316528320312,0.148866429924965
2017,41820,"Sanford, NC",1182.13732910156,1182.13732910156,0.259739607572556
2017,41860,"San Francisco-Oakland-Hayward, CA",44819.328125,44819.328125,0.104638896882534
2017,41940,"San Jose-Sunnyvale-Santa Clara, CA",29582.337890625,29582.337890625,0.138758108019829
2017,42020,"San Luis Obispo-Paso Robles-Arroyo Grande, CA",1063.20629882812,1063.20629882812,0.0610242001712322
2017,42100,"Santa Cruz-Watsonville, CA",1485.41003417969,1485.41003417969,0.0954209938645363
2017,42140,"Santa Fe, NM",219.366241455078,219.366241455078,0.0345394462347031
2017,42200,"Santa Maria-Santa Barbara, CA",3327.697265625,3327.697265625,0.107479490339756
2017,42220,"Santa Rosa, CA",2342.20751953125,2342.20751953125,0.0755811929702759
2017,42300,"Sault Ste. Marie, MI",58.9535598754883,58.9535598754883,0.0454558916389942
2017,42340,"Savannah, GA",3140.10034179688,3140.10034179688,0.160663321614265
2017,42380,"Sayre, PA",432.34765625,432.34765625,0.142278119921684
2017,42420,"Scottsbluff, NE",219.927932739258,219.927932739258,0.10337096452713
2017,42460,"Scottsboro, AL",367.291351318359,367.291351318359,0.2353405803442
2017,42540,"Scranton-Wilkes-Barre-Hazleton, PA",2256.23803710938,2256.23803710938,0.0768001601099968
2017,42620,"Searcy, AR",257.405975341797,257.405975341797,0.109444573521614
2017,42660,"Seattle-Tacoma-Bellevue, WA",47474.15625,47474.15625,0.143885612487793
2017,42680,"Sebastian-Vero Beach, FL",284.437561035156,284.437561035156,0.0464443191885948
2017,42700,"Sebring, FL",136.825714111328,136.825714111328,0.0501961633563042
2017,42740,"Sedalia, MO",327.394744873047,327.394744873047,0.153393894433975
2017,42780,"Selinsgrove, PA",154.596786499023,154.596786499023,0.0887813791632652
2017,42820,"Selma, AL",286.628936767578,286.628936767578,0.210902333259583
2017,42860,"Seneca, SC",621.399291992188,621.399291992188,0.205942735075951
2017,42900,"Seneca Falls, NY",217.312957763672,217.312957763672,0.142610654234886
2017,42940,"Sevierville, TN",157.02668762207,157.02668762207,0.028907286003232
2017,42980,"Seymour, IN",767.235900878906,767.235900878906,0.29053270816803
2017,43020,"Shawano, WI",157.410461425781,157.410461425781,0.0972191616892815
2017,43060,"Shawnee, OK",221.692642211914,221.692642211914,0.0964677929878235
2017,43100,"Sheboygan, WI",1157.28186035156,1157.28186035156,0.180057793855667
2017,43140,"Shelby, NC",917.001586914062,917.001586914062,0.204684659838676
2017,43180,"Shelbyville, TN",805.160888671875,805.160888671875,0.308717846870422
2017,43220,"Shelton, WA",88.3860092163086,88.3860092163086,0.0503842160105705
2017,43260,"Sheridan, WY",131.021774291992,131.021774291992,0.0706362500786781
2017,43300,"Sherman-Denison, TX",697.296691894531,697.296691894531,0.124558418989182
2017,43320,"Show Low, AZ",281.519622802734,281.519622802734,0.0764423608779907
2017,43340,"Shreveport-Bossier City, LA",2434.10205078125,2434.10205078125,0.112781383097172
2017,43380,"Sidney, OH",1048.88171386719,1048.88171386719,0.303674250841141
2017,43420,"Sierra Vista-Douglas, AZ",136.982971191406,136.982971191406,0.0341711640357971
2017,43460,"Sikeston, MO",174.323638916016,174.323638916016,0.102310411632061
2017,43500,"Silver City, NM",173.506927490234,173.506927490234,0.131577208638191
2017,43580,"Sioux City, IA-NE-SD",1242.48425292969,1242.48425292969,0.125036537647247
2017,43620,"Sioux Falls, SD",1484.30249023438,1484.30249023438,0.0826885998249054
2017,43660,"Snyder, TX",138.874130249023,138.874130249023,0.104280211031437
2017,43700,"Somerset, KY",299.444641113281,299.444641113281,0.117040514945984
2017,43740,"Somerset, PA",356.542663574219,356.542663574219,0.123618833720684
2017,43760,"Sonora, CA",123.523872375488,123.523872375488,0.0445797741413116
2017,43780,"South Bend-Mishawaka, IN-MI",2150.90844726562,2150.90844726562,0.14171738922596
2017,43900,"Spartanburg, SC",3340.83471679688,3340.83471679688,0.221298187971115
2017,43940,"Spearfish, SD",55.9759178161621,55.9759178161621,0.0458334349095821
2017,43980,"Spencer, IA",101.696838378906,101.696838378906,0.107413373887539
2017,44020,"Spirit Lake, IA",267.040252685547,267.040252685547,0.233739405870438
2017,44060,"Spokane-Spokane Valley, WA",2118.22045898438,2118.22045898438,0.0676078349351883
2017,44100,"Springfield, IL",616.880432128906,616.880432128906,0.0449501387774944
2017,44140,"Springfield, MA",2424.94384765625,2424.94384765625,0.0671190619468689
2017,44180,"Springfield, MO",1801.13659667969,1801.13659667969,0.0830598324537277
2017,44220,"Springfield, OH",695.669494628906,695.669494628906,0.124425113201141
2017,44260,"Starkville, MS",163.319030761719,163.319030761719,0.0880136638879776
2017,44300,"State College, PA",889.842895507812,889.842895507812,0.0899114608764648
2017,44340,"Statesboro, GA",249.209045410156,249.209045410156,0.086303174495697
2017,44420,"Staunton-Waynesboro, VA",719.328735351562,719.328735351562,0.121300049126148
2017,44460,"Steamboat Springs, CO",101.619422912598,101.619422912598,0.0433774255216122
2017,44500,"Stephenville, TX",270.366027832031,270.366027832031,0.122271180152893
2017,44540,"Sterling, CO",85.6865158081055,85.6865158081055,0.0865301862359047
2017,44580,"Sterling, IL",342.452270507812,342.452270507812,0.139183342456818
2017,44620,"Stevens Point, WI",364.784240722656,364.784240722656,0.0805218815803528
2017,44660,"Stillwater, OK",248.077194213867,248.077194213867,0.075684979557991
2017,44700,"Stockton-Lodi, CA",2126.24829101562,2126.24829101562,0.065318875014782
2017,44740,"Storm Lake, IA",284.396759033203,284.396759033203,0.218936830759048
2017,44780,"Sturgis, MI",938.880615234375,938.880615234375,0.294475018978119
2017,44860,"Sulphur Springs, TX",208.199356079102,208.199356079102,0.117634065449238
2017,44900,"Summerville, GA",209.372680664062,209.372680664062,0.26740488409996
2017,44920,"Summit Park, UT",123.515632629395,123.515632629395,0.0327394083142281
2017,44940,"Sumter, SC",537.342895507812,537.342895507812,0.138119503855705
2017,44980,"Sunbury, PA",365.328399658203,365.328399658203,0.109075717628002
2017,45000,"Susanville, CA",63.1691017150879,63.1691017150879,0.0364943109452724
2017,45020,"Sweetwater, TX",118.50447845459,118.50447845459,0.13679538667202
2017,45060,"Syracuse, NY",3752.04467773438,3752.04467773438,0.081863671541214
2017,45140,"Tahlequah, OK",104.921424865723,104.921424865723,0.0559909418225288
2017,45180,"Talladega-Sylacauga, AL",1324.03479003906,1324.03479003906,0.364463716745377
2017,45220,"Tallahassee, FL",765.091491699219,765.091491699219,0.0413731336593628
2017,45300,"Tampa-St. Petersburg-Clearwater, FL",10147.44921875,10147.44921875,0.0652760490775108
2017,45340,"Taos, NM",56.7926788330078,56.7926788330078,0.045201625674963
2017,45380,"Taylorville, IL",160.505920410156,160.505920410156,0.105553641915321
2017,45460,"Terre Haute, IN",1692.70703125,1692.70703125,0.207607507705688
2017,45500,"Texarkana, TX-AR",721.334899902344,721.334899902344,0.106480464339256
2017,45520,"The Dalles, OR",133.070098876953,133.070098876953,0.0998028293251991
2017,45540,"The Villages, FL",132.944351196289,132.944351196289,0.0411257557570934
2017,45580,"Thomaston, GA",120.078720092773,120.078720092773,0.164417073130608
2017,45620,"Thomasville, GA",217.534454345703,217.534454345703,0.0956859961152077
2017,45660,"Tiffin, OH",461.333038330078,461.333038330078,0.200501129031181
2017,45700,"Tifton, GA",176.637268066406,176.637268066406,0.0842409506440163
2017,45740,"Toccoa, GA",157.653732299805,157.653732299805,0.147671163082123
2017,45780,"Toledo, OH",4904.31396484375,4904.31396484375,0.133371248841286
2017,45820,"Topeka, KS",690.860961914062,690.860961914062,0.0594225600361824
2017,45860,"Torrington, CT",944.704528808594,944.704528808594,0.11634736508131
2017,45900,"Traverse City, MI",508.081298828125,508.081298828125,0.067107193171978
2017,45940,"Trenton, NJ",2253.23217773438,2253.23217773438,0.061969842761755
2017,45980,"Troy, AL",254.98957824707,254.98957824707,0.171864077448845
2017,46020,"Truckee-Grass Valley, CA",260.857971191406,260.857971191406,0.0523681864142418
2017,46060,"Tucson, AZ",4681.64111328125,4681.64111328125,0.107470586895943
2017,46100,"Tullahoma-Manchester, TN",751.443420410156,751.443420410156,0.168652206659317
2017,46140,"Tulsa, OK",4926.66064453125,4926.66064453125,0.0975904017686844
2017,46180,"Tupelo, MS",1223.35595703125,1223.35595703125,0.178169190883636
2017,46220,"Tuscaloosa, AL",2821.55493164062,2821.55493164062,0.226811274886131
2017,46300,"Twin Falls, ID",571.940307617188,571.940307617188,0.120443224906921
2017,46340,"Tyler, TX",1469.45227050781,1469.45227050781,0.106550067663193
2017,46380,"Ukiah, CA",283.599517822266,283.599517822266,0.0587438642978668
2017,46460,"Union City, TN-KY",148.928939819336,148.928939819336,0.116503641009331
2017,46500,"Urbana, OH",286.347534179688,286.347534179688,0.21397003531456
2017,46520,"Urban Honolulu, HI",7272.32958984375,7272.32958984375,0.110127538442612
2017,46540,"Utica-Rome, NY",1844.00805664062,1844.00805664062,0.108477957546711
2017,46620,"Uvalde, TX",128.780868530273,128.780868530273,0.0999323800206184
2017,46660,"Valdosta, GA",487.094696044922,487.094696044922,0.0761844888329506
2017,46700,"Vallejo-Fairfield, CA",1719.53601074219,1719.53601074219,0.0823327973484993
2017,46740,"Valley, AL",197.594970703125,197.594970703125,0.244110152125359
2017,46780,"Van Wert, OH",254.80583190918,254.80583190918,0.180001020431519
2017,46820,"Vermillion, SD",44.327766418457,44.327766418457,0.0793579518795013
2017,46860,"Vernal, UT",131.334945678711,131.334945678711,0.0777212679386139
2017,46900,"Vernon, TX",140.300338745117,140.300338745117,0.146556854248047
2017,46980,"Vicksburg, MS",376.109771728516,376.109771728516,0.131430625915527
2017,47020,"Victoria, TX",689.532165527344,689.532165527344,0.124907545745373
2017,47080,"Vidalia, GA",152.073974609375,152.073974609375,0.0942410603165627
2017,47180,"Vincennes, IN",315.732086181641,315.732086181641,0.156493589282036
2017,47220,"Vineland-Bridgeton, NJ",503.741882324219,503.741882324219,0.0695360228419304
2017,47240,"Vineyard Haven, MA",32.872386932373,32.872386932373,0.0285407565534115
2017,47260,"Virginia Beach-Norfolk-Newport News, VA-NC",5711.033203125,5711.033203125,0.056149810552597
2017,47300,"Visalia-Porterville, CA",2151.30932617188,2151.30932617188,0.104134649038315
2017,47340,"Wabash, IN",250.480987548828,250.480987548828,0.184982419013977
2017,47380,"Waco, TX",2797.26586914062,2797.26586914062,0.181168183684349
2017,47420,"Wahpeton, ND-MN",167.081848144531,167.081848144531,0.144444510340691
2017,47460,"Walla Walla, WA",351.842163085938,351.842163085938,0.0986052230000496
2017,47540,"Wapakoneta, OH",716.18212890625,716.18212890625,0.286545038223267
2017,47580,"Warner Robins, GA",864.44140625,864.44140625,0.0930851101875305
2017,47620,"Warren, PA",282.193481445312,282.193481445312,0.136774003505707
2017,47660,"Warrensburg, MO",340.376556396484,340.376556396484,0.207710072398186
2017,47700,"Warsaw, IN",1067.06005859375,1067.06005859375,0.2383022159338
2017,47780,"Washington, IN",197.168579101562,197.168579101562,0.149792268872261
2017,47820,"Washington, NC",360.438415527344,360.438415527344,0.162475287914276
2017,47900,"Washington-Arlington-Alexandria, DC-VA-MD-WV",29374.80078125,29374.80078125,0.0592906698584557
2017,47920,"Washington Court House, OH",143.546646118164,143.546646118164,0.111133456230164
2017,47940,"Waterloo-Cedar Falls, IA",1954.35620117188,1954.35620117188,0.189740926027298
2017,47980,"Watertown, SD",276.111480712891,276.111480712891,0.153356075286865
2017,48020,"Watertown-Fort Atkinson, WI",625.791625976562,625.791625976562,0.156996220350266
2017,48060,"Watertown-Fort Drum, NY",270.507781982422,270.507781982422,0.0470994673669338
2017,48100,"Wauchula, FL",105.06649017334,105.06649017334,0.0909044817090034
2017,48140,"Wausau, WI",1046.71325683594,1046.71325683594,0.126701414585114
2017,48180,"Waycross, GA",208.516891479492,208.516891479492,0.0983523800969124
2017,48220,"Weatherford, OK",135.866195678711,135.866195678711,0.079517625272274
2017,48260,"Weirton-Steubenville, WV-OH",602.270446777344,602.270446777344,0.120907977223396
2017,48300,"Wenatchee, WA",493.396240234375,493.396240234375,0.0773205310106277
2017,48460,"West Plains, MO",240.460754394531,240.460754394531,0.145272448658943
2017,48540,"Wheeling, WV-OH",939.140747070312,939.140747070312,0.126900270581245
2017,48580,"Whitewater-Elkhorn, WI",601.876831054688,601.876831054688,0.130584180355072
2017,48620,"Wichita, KS",6154.24169921875,6154.24169921875,0.199173554778099
2017,48660,"Wichita Falls, TX",901.755920410156,901.755920410156,0.129305332899094
2017,48700,"Williamsport, PA",696.299133300781,696.299133300781,0.110941730439663
2017,48780,"Williston, ND",782.380187988281,782.380187988281,0.11296358704567
2017,48820,"Willmar, MN",299.704895019531,299.704895019531,0.113843254745007
2017,48900,"Wilmington, NC",1548.91772460938,1548.91772460938,0.108930505812168
2017,48940,"Wilmington, OH",328.607666015625,328.607666015625,0.169484108686447
2017,48980,"Wilson, NC",802.758483886719,802.758483886719,0.133133411407471
2017,49020,"Winchester, VA-WV",531.526794433594,531.526794433594,0.0717085599899292
2017,49080,"Winnemucca, NV",247.404205322266,247.404205322266,0.179164156317711
2017,49100,"Winona, MN",759.634155273438,759.634155273438,0.245394736528397
2017,49180,"Winston-Salem, NC",3607.4560546875,3607.4560546875,0.123698696494102
2017,49220,"Wisconsin Rapids-Marshfield, WI",493.819854736328,493.819854736328,0.116695381700993
2017,49260,"Woodward, OK",194.28840637207,194.28840637207,0.129756569862366
2017,49300,"Wooster, OH",1096.44409179688,1096.44409179688,0.187323555350304
2017,49340,"Worcester, MA-CT",4690.38037109375,4690.38037109375,0.0930744782090187
2017,49380,"Worthington, MN",237.532257080078,237.532257080078,0.183541640639305
2017,49420,"Yakima, WA",1270.67163085938,1270.67163085938,0.109040945768356
2017,49460,"Yankton, SD",256.935852050781,256.935852050781,0.188423275947571
2017,49620,"York-Hanover, PA",2367.2197265625,2367.2197265625,0.106812469661236
2017,49660,"Youngstown-Warren-Boardman, OH-PA",3773.203125,3773.203125,0.158562675118446
2017,49700,"Yuba City, CA",491.526763916016,491.526763916016,0.0738364085555077
2017,49740,"Yuma, AZ",498.296112060547,498.296112060547,0.0779392644762993
2017,49780,"Zanesville, OH",227.225250244141,227.225250244141,0.0669597536325455
2017,49820,"Zapata, TX",58.8137741088867,58.8137741088867,0.0810676589608192
2017,90001,Rest of Alabama,3869.9208984375,3869.9208984375,0.20295624434948
2017,90002,Rest of Alaska,1521.49340820312,1521.49340820312,0.0937309563159943
2017,90004,Rest of Arizona,640.497253417969,640.497253417969,0.133123815059662
2017,90005,Rest of Arkansas,2902.54663085938,2902.54663085938,0.160017073154449
2017,90006,Rest of California,1168.66589355469,1168.66589355469,0.0797411724925041
2017,90008,Rest of Colorado,1345.62036132812,1345.62036132812,0.08291195333004
2017,90012,Rest of Florida,856.974670410156,856.974670410156,0.0892676413059235
2017,90013,Rest of Georgia,3438.15991210938,3438.15991210938,0.129741340875626
2017,90016,Rest of Idaho,732.652893066406,732.652893066406,0.136469498276711
2017,90017,Rest of Illinois,3508.84790039062,3508.84790039062,0.129045605659485
2017,90018,Rest of Indiana,4305.173828125,4305.173828125,0.230297952890396
2017,90019,Rest of Iowa,8892.529296875,8892.529296875,0.221517756581306
2017,90020,Rest of Kansas,2445.072265625,2445.072265625,0.137827798724174
2017,90021,Rest of Kentucky,4972.82470703125,4972.82470703125,0.169972747564316
2017,90022,Rest of Louisiana,1736.95617675781,1736.95617675781,0.169293805956841
2017,90023,Rest of Maine,1161.97448730469,1161.97448730469,0.0784046202898026
2017,90024,Rest of Maryland,420.848266601562,420.848266601562,0.117762289941311
2017,90025,Rest of Massachusetts,33.8098335266113,33.8098335266113,0.031881932169199
2017,90026,Rest of Michigan,2454.16430664062,2454.16430664062,0.109780319035053
2017,90027,Rest of Minnesota,4047.34838867188,4047.34838867188,0.149923890829086
2017,90028,Rest of Mississippi,3154.79467773438,3154.79467773438,0.173675030469894
2017,90029,Rest of Missouri,3336.474609375,3336.474609375,0.11993208527565
2017,90030,Rest of Montana,1194.19958496094,1194.19958496094,0.0899162068963051
2017,90031,Rest of Nebraska,3890.99536132812,3890.99536132812,0.189795956015587
2017,90032,Rest of Nevada,401.893402099609,401.893402099609,0.184926509857178
2017,90033,Rest of New Hampshire,76.5400161743164,76.5400161743164,0.0332979597151279
2017,90035,Rest of New Mexico,339.544891357422,339.544891357422,0.0937847569584846
2017,90036,Rest of New York,1454.09533691406,1454.09533691406,0.0861000418663025
2017,90037,Rest of North Carolina,4160.36962890625,4160.36962890625,0.146382927894592
2017,90038,Rest of North Dakota,1832.16613769531,1832.16613769531,0.141248121857643
2017,90039,Rest of Ohio,3302.734375,3302.734375,0.185620501637459
2017,90040,Rest of Oklahoma,2532.00415039062,2532.00415039062,0.129725426435471
2017,90041,Rest of Oregon,454.047973632812,454.047973632812,0.103472337126732
2017,90042,Rest of Pennsylvania,2443.51806640625,2443.51806640625,0.137527167797089
2017,90045,Rest of South Carolina,1624.40710449219,1624.40710449219,0.198015838861465
2017,90046,Rest of South Dakota,1263.25756835938,1263.25756835938,0.144523590803146
2017,90047,Rest of Tennessee,3198.12231445312,3198.12231445312,0.170486494898796
2017,90048,Rest of Texas,9867.662109375,9867.662109375,0.138344615697861
2017,90049,Rest of Utah,574.792541503906,574.792541503906,0.0926164537668228
2017,90050,Rest of Vermont,480.484039306641,480.484039306641,0.0662176758050919
2017,90051,Rest of Virginia,3800.16381835938,3800.16381835938,0.102256618440151
2017,90053,Rest of Washington,619.769897460938,619.769897460938,0.0793971121311188
2017,90054,Rest of West Virginia,2221.04614257812,2221.04614257812,0.147193938493729
2017,90055,Rest of Wisconsin,4034.04663085938,4034.04663085938,0.126151353120804
2017,90056,Rest of Wyoming,864.833068847656,864.833068847656,0.0903540775179863
